link,class
https://www.4helal.tv/video/series-Rahim-01.html,1
http://krmalk.tv/video/watch.php?vid=8e54b1d51,1
https://www.mzarita.tv/video/watch.php?vid=dfa569e72,1
https://www.mzarita.tv/video/watch.php?vid=15745165f,1
https://www.mzarita.tv/video/watch.php?vid=c78cbab26,1
https://www.shahidwbas.com/watch.php?vid=b5ee3e84b,1
https://www.rotana.video/watch.php?vid=a725098a5,1
http://www.s7efty.com/video/watch.php?vid=93efc4cd9,1
https://cera.video/mosalsal-raheem-alhalqa-episode-5-shahid-net-watch-arabic-moshahda-download-tahmel-mbc-drama-al-nahar-cbc-video.html,1
https://www.shoftube.tv/video/watch.php?vid=3b512a015,1
https://www.kol7sry.news/2018/05/Series-Rehim.html,0
http://cimafree.com/%D9%85%D8%B4%D8%A7%D9%87%D8%AF%D8%A9-%D9%85%D8%B3%D9%84%D8%B3%D9%84-%D8%A7%D9%84%D9%88%D8%B5%D9%8A%D8%A9-%D8%A7%D9%84%D8%AD%D9%84%D9%82%D8%A9-4/,0
http://www.tameronlin.com/2018/05/1-hd16_16.html,0
http://cimaclub.com/quality/hd/,0
http://www.youbox7.com/video-4e58dee5e.html,0
https://www.mzarita.tv/video/watch.php?vid=694090e64,0
https://www.emotionvideo-tv.com/watch.php?vid=346d8edcf,0
https://www.mzarita.tv/video/watch.php?vid=3ff5ce46f,0
https://www.halqat.tv/video/watch.php?vid=90df23200,0
